"id_prueba","fecha","tipo","firmware","alimentacion","conexion_sd","archivo","perfil","inicio_local","duracion_registrada_s","muestras","bytes","resultado","observacion"
"SS-PR-20260608-UX-087","2026-06-08","Estudio visualizacion recorridos largos","REQUISITOS-VISUALIZACION-RECORRIDOS-LARGOS-V001","Producto/UX","CSV/XLSX","","","0.00","0","0","DOCUMENTADO","Se estudia referencia visual de nado largo y se definen mapas operativos, posteriores y tecnicos; los huecos entre muestras no deben mostrarse como recorrido confirmado",
"SS-PR-20260526-SD-001","2026-05-26","MicroSD multi-sesion","SS-LITE-BLE-SD-V1-029","Bateria + MT3608","MicroSD VCC 5V","SS000001.CSV","vitto","2026-05-26 09:40:18","26.67","232","19394","VALIDA","CSV legible; sin bytes nulos ni control observados"
"SS-PR-20260526-SD-001","2026-05-26","MicroSD multi-sesion","SS-LITE-BLE-SD-V1-029","Bateria + MT3608","MicroSD VCC 5V","SS000002.CSV","vittoka","2026-05-26 09:40:55","25.17","242","20313","VALIDA","Segunda sesion consecutiva; cambio de perfil correcto"
"SS-PR-20260526-SD-001","2026-05-26","MicroSD multi-sesion","SS-LITE-BLE-SD-V1-029","Bateria + MT3608","MicroSD VCC 5V","SS000003.CSV","vprueba 3","2026-05-26 09:41:32","30.55","304","25452","VALIDA","Tercera sesion consecutiva; numeracion INDEX correcta"
"SS-PR-20260526-SD-002","2026-05-26","MicroSD sesion extendida","SS-LITE-BLE-SD-V1-029","Bateria + MT3608","MicroSD VCC 5V","SS000004.CSV","5 minutos","2026-05-26 09:47:35","236.89","2276","191692","VALIDA","Sesion SD continua de casi 4 minutos; CSV legible"
"SS-PR-20260526-SD-002","2026-05-26","MicroSD versus BLE app","SS-LITE-BLE-SD-V1-029","Bateria + MT3608","MicroSD VCC 5V","SS000005.CSV","2 minutos ms app","2026-05-26 09:52:54","93.71","908","76481","VALIDA","Correspondiente al CSV exportado por la app; SD registra mayor resolucion"
"SS-PR-20260526-SD-002","2026-05-26","Exportacion app BLE","FIELD-VIEWER-V0.3.11","Telefono Android","BLE","ss_2_minutos_ms_app_test_nado_20260526_095423.csv","2 minutos ms app","2026-05-26 09:52:54","89.15","178","10804","VALIDA","Misma sesion que SS000005; frecuencia BLE aproximada 2 Hz"
"SS-PR-20260526-BLE-DOWNLOAD-001","2026-05-26","Descarga CSV microSD a telefono","SS-LITE-BLE-SD-V1-031","Bateria + MT3608","MicroSD VCC 5V","SS000008.CSV","envo datos esp a blt","2026-05-26 10:49:49","28.84","286","23987","VALIDA","Original SD y archivo descargado por app BLE identicos byte por byte; SHA256 67487AEE6541263C0A76B068D08021C010852A6A7F51F6158190F0E4601EC301"
"SS-PR-20260526-BLE-DOWNLOAD-002","2026-05-26","Descarga BLE de sesion truncada","SS-LITE-BLE-SD-V1-031","Bateria + MT3608","MicroSD VCC 5V","SS000009.CSV","vittorio","2026-05-26 15:01:58","88.72","875","72704","TRANSFERENCIA_VALIDA_SESION_INCOMPLETA","Original SD y descarga BLE identicos SHA256 0B88F135849BDF154628D2E29B523B73B95C410119F82BB105F986F7FD884405; fila 875 incompleta en origen"
"SS-PR-20260526-SD-INTEGRITY-003","2026-05-26","Integridad cierre SD con BLE desconectado","SS-LITE-BLE-SD-V1-032","Bateria + MT3608","MicroSD VCC 5V","INCOMPLETA_SS000011.CSV","prueba de blt desconectado","2026-05-26 15:35:58","86.88","860","72640","SESION_SIN_CIERRE_VALIDADO","860 filas completas sin #END_SESSION; pantalla mostro ROWS=895 BATCH_BYTES=832; V033 reduce sync a 1 segundo y registra reset reason"
"SS-PR-20260526-SD-INTEGRITY-004A","2026-05-26","Integridad sesion con footer y cuerpo truncado","SS-LITE-BLE-SD-V1-033","Bateria + MT3608","MicroSD VCC 5V","INCOMPLETA_SS000012.CSV","TEST","2026-05-26 15:52:55","51.12","502","42040","FOOTER_PRESENTE_DATOS_TRUNCADOS","Footer informa ROWS=925 pero archivo recupera 501 filas completas y fila 502 truncada; evidencia falla del stream SD abierto"
"SS-PR-20260526-SD-INTEGRITY-004B","2026-05-26","Sesion corta validada","SS-LITE-BLE-SD-V1-033","Bateria + MT3608","MicroSD VCC 5V","SS000013.CSV","TEST","2026-05-26 15:55:29","20.25","200","16910","VALIDA","200 filas completas y footer ROWS=200; usuario la identifico como prueba menor a 15 segundos pero CSV registra 20.25 segundos"
"SS-PR-20260526-SD-INTEGRITY-004C","2026-05-26","Sesion corta sin footer","SS-LITE-BLE-SD-V1-033","Bateria + MT3608","MicroSD VCC 5V","INCOMPLETA_SS000014.CSV","TEST","2026-05-26 15:56:25","21.15","209","17562","SESION_SIN_CIERRE_VALIDADO","209 filas completas; no existe marca #END_SESSION"
"SS-PR-20260526-SD-INTEGRITY-005","2026-05-26","Prueba V034 con bateria posiblemente baja","SS-LITE-BLE-SD-V1-034","Bateria + MT3608","MicroSD VCC 5V","INCOMPLETA_SS000015.CSV","TEST","2026-05-26 16:08:34","31.71","297","24820","SESION_SIN_FOOTER_FILAS_INTEGRAS","297 filas completas sin #END_SESSION; no hay fila truncada; usuario informa bateria sin cargar durante aproximadamente dos dias"
"SS-PR-20260527-SD-INTEGRITY-006","2026-05-27","Segunda sesion V034 cortada a aproximadamente 31 segundos","SS-LITE-BLE-SD-V1-034","Bateria + MT3608","MicroSD VCC 5V","INCOMPLETA_SS000016.CSV","sali a caminar","2026-05-27 09:41:51","30.93","286","26389","SESION_SIN_FOOTER_FILAS_INTEGRAS","286 filas completas sin #END_SESSION; segundo corte V034 alrededor de 31 segundos; evidencia de fallo reproducible de grabacion o confirmacion SD"
"SS-PR-20260527-SD-READBACK-007A","2026-05-27","Captura error readback V035 sesion minima","SS-LITE-BLE-SD-V1-035","Bateria + MT3608","MicroSD VCC 5V","SS000017.CSV","prueba v35","2026-05-27 10:19:56","1.30","1","357","BATCH_READBACK_FAILED","Error visible en app; una fila completa y sin footer"
"SS-PR-20260527-SD-READBACK-007B","2026-05-27","Captura error readback V035 sesion parcial","SS-LITE-BLE-SD-V1-035","Bateria + MT3608","MicroSD VCC 5V","SS000018.CSV","V35 prueba2","2026-05-27 10:21:46","23.33","217","18223","BATCH_READBACK_FAILED","217 filas completas y sin footer"
"SS-PR-20260527-SD-READBACK-007C","2026-05-27","Captura error readback V035 solo encabezado","SS-LITE-BLE-SD-V1-035","Bateria + MT3608","MicroSD VCC 5V","SS000019.CSV","v35 prueba 3","2026-05-27 10:30:36","0.00","0","279","BATCH_READBACK_FAILED","Solo encabezado CSV y sin footer"
"SS-PR-20260527-SD-READBACK-007D","2026-05-27","Captura error readback V035 sesion parcial","SS-LITE-BLE-SD-V1-035","Bateria + MT3608","MicroSD VCC 5V","SS000020.CSV","v35 prueba 3","2026-05-27 10:30:42","30.86","286","23916","BATCH_READBACK_FAILED","286 filas completas y sin footer"
"SS-PR-20260527-SD-READBACK-007E","2026-05-27","Captura error readback V035 sesion parcial","SS-LITE-BLE-SD-V1-035","Bateria + MT3608","MicroSD VCC 5V","SS000021.CSV","prueba a4","2026-05-27 10:36:53","31.95","296","24767","BATCH_READBACK_FAILED","296 filas completas y sin footer; la tarjeta contiene sesiones previas de hasta 191692 bytes"
"SS-PR-20260527-HW-ENERGIA-008","2026-05-27","Verificacion alimentacion y resoldado previo a nueva prueba","SS-LITE-BLE-SD-V1-036","Bateria + MT3608","MicroSD VCC 5V","","","0.00","0","0","INTERVENCION_FISICA","Usuario mide 5.06 V en salida MT3608; 5.06 V al ESP32 y 5.06 V al modulo microSD; resuelda conexiones positivas y negativas; pendiente repetir sesion V036 con apagado completo",
"SS-PR-20260527-HW-ENERGIA-009","2026-05-27","Prueba posterior a resoldado sin inicio de sesion SD","SS-LITE-BLE-SD-V1-036","Bateria + MT3608","MicroSD VCC 5V","","","0.00","0","0","SD_RECOVERY_FAILED","Perfil recibido correctamente por BLE; al iniciar sesion la microSD no monta ni crea archivo; aislar hardware SD/SPI o alimentacion transitoria",
"SS-PR-20260527-SD-CORRUPTION-010","2026-05-27","Lectura PC posterior a fallos readback y SD init","SS-LITE-BLE-SD-V1-036","PC lector microSD","MicroSD retirada del prototipo","","","0.00","0","0","FILESYSTEM_CORRUPTED","Windows solicita formatear la microSD; evidencia BOOT INDEX y sesiones SS000017 a SS000021 fue preservada previamente; la corrupcion explica posterior MICROSD INIT FAILED",
"SS-PR-20260527-SD-MOUNT-011","2026-05-27","Fallo de montaje persistente posterior a formateo","SS-LITE-BLE-SD-V1-036","USB monitor serial","MicroSD VCC 5V","","","0.00","0","0","MICROSD_INIT_FAILED","Luego de formatear la SD el arranque vuelve a informar MICROSD INIT FAILED; MPU6050 y BLE operativos; se prepara test aislado SS-MICROSD-MOUNT-V003 y se debe confirmar formato FAT32",
"SS-PR-20260527-SD-V036-012A","2026-05-27","Sesion corta cerrada posterior a formato","SS-LITE-BLE-SD-V1-036","Fuente a confirmar","MicroSD FAT32 VCC 5V","SS000001.CSV","prueba","2026-05-27 11:36:40","6.67","63","5421","VALIDA","Footer presente; SD legible desde PC"
"SS-PR-20260527-SD-V036-012B","2026-05-27","Sesion mediana cerrada posterior a formato","SS-LITE-BLE-SD-V1-036","Fuente a confirmar","MicroSD FAT32 VCC 5V","SS000002.CSV","prueba","2026-05-27 11:36:50","28.72","275","22918","VALIDA","Footer presente; SD legible desde PC"
"SS-PR-20260527-SD-V036-012C","2026-05-27","Sesion sin cierre posterior a formato","SS-LITE-BLE-SD-V1-036","Fuente a confirmar","MicroSD FAT32 VCC 5V","SS000003.CSV","prueba","2026-05-27 11:37:50","18.19","175","14560","INCOMPLETA","Filas recuperadas completas pero sin footer"
"SS-PR-20260527-SD-V036-012D","2026-05-27","Creacion archivo fallida posterior a formato","SS-LITE-BLE-SD-V1-036","Fuente a confirmar","MicroSD FAT32 VCC 5V","SS000004.CSV","","","0.00","0","0","ARCHIVO_CERO_BYTES","Archivo creado en cero bytes durante secuencia inestable"
"SS-PR-20260527-SD-V036-012E","2026-05-27","Sesion mediana cerrada posterior a formato","SS-LITE-BLE-SD-V1-036","Fuente a confirmar","MicroSD FAT32 VCC 5V","SS000005.CSV","prueba","2026-05-27 11:38:40","24.60","235","19497","VALIDA","Footer presente; SD legible desde PC"
"SS-PR-20260527-SD-V036-012F","2026-05-27","Sesion sin cierre posterior a formato","SS-LITE-BLE-SD-V1-036","Fuente a confirmar","MicroSD FAT32 VCC 5V","SS000006.CSV","prueba","2026-05-27 11:39:30","39.44","378","31205","INCOMPLETA","Filas recuperadas completas pero sin footer; mayor sesion V036 fallida"
"SS-PR-20260527-SD-CAPACITOR-013A","2026-05-27","Sesion cerrada con capacitor ceramico 104","SS-LITE-BLE-SD-V1-036","Fuente a confirmar","MicroSD FAT32 VCC 5V + capacitor 104","SS000007.CSV","cspacitor","2026-05-27 11:49:51","27.72","264","22041","VALIDA","Footer presente; primera sesion descargada tras agregar capacitor 104"
"SS-PR-20260527-SD-CAPACITOR-013B","2026-05-27","Sesion interrumpida con capacitor ceramico 104","SS-LITE-BLE-SD-V1-036","Fuente a confirmar","MicroSD FAT32 VCC 5V + capacitor 104","INCOMPLETA_SS000008.CSV","cspacitor","2026-05-27 11:50:55","33.36","320","26579","INCOMPLETA","320 filas completas sin footer; capacitor 104 no estabiliza escritura sostenida por si solo"
"SS-PR-20260527-SD-V036-014A","2026-05-27","Sesion SD interrumpida posterior a mejoras fisicas","SS-LITE-BLE-SD-V1-036","Fuente a confirmar","MicroSD FAT32 VCC 5V","INCOMPLETA_SS000009.CSV","vitto","2026-05-27 15:47:50","69.81","667","55367","INCOMPLETA","Filas completas sin footer; mayor duracion observada en este lote"
"SS-PR-20260527-SD-V036-014B","2026-05-27","Sesion SD cerrada posterior a mejoras fisicas","SS-LITE-BLE-SD-V1-036","Fuente a confirmar","MicroSD FAT32 VCC 5V","SS000011.CSV","vitto2","2026-05-27 15:50:33","26.65","255","21284","VALIDA","Footer presente; sesion cerrada correctamente"
"SS-PR-20260527-SD-V036-014C","2026-05-27","Sesion SD interrumpida posterior a mejoras fisicas","SS-LITE-BLE-SD-V1-036","Fuente a confirmar","MicroSD FAT32 VCC 5V","INCOMPLETA_SS000012 (1).CSV","vitto3","2026-05-27 15:51:29","39.81","374","31116","INCOMPLETA","Filas completas sin footer"
"SS-PR-20260527-SD-V036-014D","2026-05-27","Captura app BLE asociada a prueba vitto3","FIELD-VIEWER-V0.3.19","Telefono Android","BLE","ss_vitto3_test_20260527_155309.csv","vitto3","2026-05-27 15:52:53","0.00","31","1961","APP_BLE","Captura BLE local; menor frecuencia que microSD; no reemplaza registro oficial SD"
"SS-PR-20260527-SD-V036-014E","2026-05-27","Sesion SD interrumpida posterior a mejoras fisicas","SS-LITE-BLE-SD-V1-036","Fuente a confirmar","MicroSD FAT32 VCC 5V","INCOMPLETA_SS000014 (1).CSV","vitto3","2026-05-27 15:53:32","67.41","632","52526","INCOMPLETA","Filas completas sin footer; cercana a 70 segundos antes de interrumpirse"
"SS-PR-20260527-SD-FLUSH-PATTERN-015","2026-05-27","Analisis de saltos periodicos durante escritura SD","SS-LITE-BLE-SD-V1-036","Fuente a confirmar","MicroSD FAT32 VCC 5V","varios","viito2","2026-05-27 17:11:56","73.44","689","55927","PATRON_FLUSH_SD","Saltos de tiempo repetidos 0.28-0.35 s cerca de filas 58/116/202/317/518/633; cortes entre filas 661-689; apunta a bloqueo de escritura/verificacion SD"
"SS-PR-20260527-SD-V037-016","2026-05-27","Prueba V037 con flush cada 10 segundos","SS-LITE-BLE-SD-V1-037","Fuente a confirmar","MicroSD FAT32 VCC 5V","INCOMPLETA_SS000024.CSV","v37","2026-05-27 17:37:51","130.37","1264","105535","INCOMPLETA","Filas completas sin footer; saltos periodicos cercanos a 0.4 s cada 10 s; mejora frente a V036 pero aun sin estabilidad"
"SS-PR-20260527-SD-V038-017A","2026-05-27","Sesion V038 cerrada correctamente","SS-LITE-BLE-SD-V1-038","Fuente a confirmar","MicroSD FAT32 VCC 5V","SS000025.CSV","v38","2026-05-27 17:53:55","112.50","1103","91866","VALIDA","Footer presente; primera sesion V038 cerrada por encima de 100 s"
"SS-PR-20260527-SD-V038-017B","2026-05-27","Sesion V038 corta sin cierre posterior a cierre manual","SS-LITE-BLE-SD-V1-038","Fuente a confirmar","MicroSD FAT32 VCC 5V","SS000026.CSV","v38","2026-05-27 17:57:33","20.15","198","16501","INCOMPLETA","Filas completas sin footer; ocurrio despues de cerrar manualmente SS000025 y antes de apagar el ESP; evidencia de fallo multi-atleta/estado interno; edad ingresada 2000 por error de perfil"
"SS-PR-20260527-SD-V038-017C","2026-05-27","Sesion V038 extendida sin cierre despues de reinicio","SS-LITE-BLE-SD-V1-038","Fuente a confirmar","MicroSD FAT32 VCC 5V","SS000027.CSV","v38","2026-05-27 17:59:32","150.71","1478","123672","INCOMPLETA","Filas completas sin footer; tomada despues de apagar/encender el ESP tras fallo en SS000026; mayor duracion V038 observada"
"SS-PR-20260527-SD-V038-017D","2026-05-27","Sesion V038 extendida sin cierre","SS-LITE-BLE-SD-V1-038","Fuente a confirmar","MicroSD FAT32 VCC 5V","SS000028.CSV","v38","2026-05-27 18:03:29","140.38","1373","114802","INCOMPLETA","Filas completas sin footer; saltos de flush cada 10 s persisten"
"SS-PR-20260527-SD-V038-017E","2026-05-27","Observacion multi-atleta posterior a cierre manual","SS-LITE-BLE-SD-V1-038","Bateria","MicroSD FAT32 VCC 5V","SS000025-SS000027.CSV","v38","2026-05-27 18:05:00","112.50","1103","91866","OBSERVACION","SS000025 cerro manualmente valida; SS000026 fue la sesion posterior que fallo sin reiniciar; se apago el ESP para poder tomar SS000027; se genera V039 para limpiar estado y remontar SD entre atletas"
"SS-PR-20260527-SD-V039-018","2026-05-27","Prueba V039 posterior a limpieza multi-atleta","SS-LITE-BLE-SD-V1-039","Bateria + MT3608","MicroSD FAT32 VCC 5V","","","0.00","0","0","NO_ESTABLE","Grabo menos tiempo que V038 y mantuvo demora visible de LED durante flush; se decide reducir lotes y pausar telemetria durante grabacion",
"SS-PR-20260527-SD-V040-019","2026-05-27","Prueba V040 con flush cada 2 segundos","SS-LITE-BLE-SD-V1-040","Bateria + MT3608","MicroSD FAT32 VCC 5V","varios","tiempo libre","2026-05-27 19:00:00","167.00","0","0","MEJORA_PARCIAL","Logra una sesion limpia cercana a 62 s y otra cercana a 167 s, pero sigue cortando antes de 2 min en modo libre; se prepara V041 con reintento de SD.open"
"SS-PR-20260527-SD-V041-020","2026-05-27","Sesion larga V041 con cierre correcto y saltos de filas","SS-LITE-BLE-SD-V1-041","Bateria + MT3608","MicroSD FAT32 VCC 5V","varios","tiempo libre","2026-05-27 19:30:00","979.00","0","0","VALIDA_CON_SALTOS","Graba aproximadamente 16 min 19 s y cierra correctamente; se detectan 14 saltos numericos con 347 muestras faltantes; se decide marcar pausas como #SD_GAP"
"SS-PR-20260528-SD-V042-021","2026-05-28","Sesion V042 con pausas marcadas","SS-LITE-BLE-SD-V1-042","Bateria + MT3608","MicroSD FAT32 VCC 5V","varios","tiempo libre","2026-05-28 09:00:00","0.00","0","0","MEJORA_INTEGRIDAD","Firmware pausa nuevas filas durante recuperacion SD, reintenta flush pendiente y registra #SD_GAP/#SD_RESUME para no ocultar perdida de muestreo"
"SS-PR-20260528-SD-V043-022","2026-05-28","Sesion V043 larga con cierre y perdida invisible detectada","SS-LITE-BLE-SD-V1-043","Bateria + MT3608","MicroSD FAT32 VCC 5V","SS000044.CSV","v43 tiempo libre","2026-05-28 10:00:00","805.00","0","0","VALIDA_CON_SALTOS","Cierra aproximadamente 13 min 25 s pero conserva 20 saltos y 168 muestras faltantes sin marcadores #SD_GAP; se decide verificar crecimiento real de archivo en V044"
"SS-PR-20260528-SD-V044-023","2026-05-28","Sesion V044 validada con gaps declarados","SS-LITE-BLE-SD-V1-044","Bateria + MT3608","MicroSD FAT32 VCC 5V","SS000049.CSV","v44","2026-05-28 11:00:00","896.00","6599","0","VALIDA_CON_GAPS_DECLARADOS","Footer correcto, cero filas rotas, cero saltos de numeracion; 21 marcadores #SD_GAP suman aproximadamente 71 s de pausas; fuente de datos ya es util para analisis pero requiere reducir bloqueo SD en futura version"
"SS-PR-20260528-APP-FIELD-024","2026-05-28","App Field Viewer simplificada","FIELD-VIEWER-V0.3.29","Telefono Android","BLE/APK","","","0.00","0","0","IMPLEMENTADA","Se simplifica app tecnica: solo nombre de atleta, registro microSD, telemetria grafica y diagnostico local; se quitan edad/altura/peso visibles y tarjetas numericas LR/FB/UD/MAG",
"SS-PR-20260528-APP-DEMO-025","2026-05-28","App demo separada para vision comercial","SAVE-SWIMMER-MOBILE-DEMO-V0.2.0","Telefono Android","APK demo","","","0.00","0","0","IMPLEMENTADA","Demo separada muestra Nadador, Coach, Familia y Evento; no reemplaza app tecnica de datos; sirve para explicar producto final y campana",
"SS-PR-20260529-COMUNIDAD-026","2026-05-29","Validacion comunidad aguas abiertas","Campana StartFund + Facebook","Redes sociales","Feedback externo","","","0.00","0","0","ACTIVA","Primeros comentarios validan ritmo/velocidad, geocerca, inmovilidad, SOS, orientacion, identificacion, signos vitales futuros y diferenciacion frente a relojes deportivos",
"SS-PR-20260601-GATEWAY-027","2026-06-01","Preparacion prueba Gateway GSM","FIELD-VIEWER-V0.3.30","Telefono Android A + datos moviles","BLE + internet","","","0.00","0","0","LISTO_PARA_PRUEBA","App compilada con modo Gateway GSM; envia telemetria BLE + GPS del telefono al backend por POST cada 5 s; pendiente validar con URL publica y telefono B",
"SS-PR-20260602-GATEWAY-028","2026-06-02","Preparacion prueba Gateway con mapa real y base manual","FIELD-VIEWER-V0.3.31","Telefono Android A + datos moviles","BLE + internet","","","0.00","0","0","LISTO_PARA_PRUEBA","Gateway ON funciona como comienzo manual y fija baseLat/baseLon; dashboard coach reemplaza imagen estatica por Leaflet/OpenStreetMap para operar en cualquier playa o caminata",
"SS-PR-20260602-COACH-029","2026-06-02","Primera APK nativa entrenador","COACH-LIVE-V0.1.0","Telefono Android B","Backend/ngrok","","","0.00","0","0","COMPILADA","Se crea app separada SS Coach Live para entrenador: consulta backend, muestra ruta/base/atleta, distancia, velocidad GPS, senal, estado, lectura corporal basica y boton limpiar prueba",
"SS-PR-20260602-COACH-030","2026-06-02","Ajuste Coach Live por timeout e identificacion visual","COACH-LIVE-V0.1.2","Telefono Android B","Backend/ngrok","","","0.00","0","0","COMPILADA","Se agrega version visible, icono SS Coach, URL normalizada visible, header ngrok-skip-browser-warning y timeout extendido; timeout observado tambien en localhost indica backend/ngrok a reiniciar o validar",
"SS-PR-20260602-GATEWAY-031","2026-06-02","Ajuste prueba A/B en vivo","FIELD-VIEWER-V0.3.32 + COACH-LIVE-V0.1.5","Telefono Android A/B","BLE + datos moviles + backend","","","0.00","0","0","COMPILADA","Field Viewer protege pantalla mientras Gateway esta ON para evitar corte BLE al dormir; Coach Live refresca cada 1 s y sube grafico de movimiento sobre mapa esquematico; pendiente mapa real nativo y seleccion final de metricas",
"SS-PR-20260603-COACH-032","2026-06-03","Mejora Coach Live graficos y mapa","COACH-LIVE-V0.1.6","Telefono Android B","Backend/ngrok","","","0.00","0","0","COMPILADA","Coach Live incorpora mapa real por WebView/Leaflet, orientacion instantanea, brazada en vivo con ventana movil de 30 s y barra de avance; mantiene ruta esquematica como respaldo si no cargan tiles",
"SS-PR-20260603-COACH-033","2026-06-03","Ajuste layout Coach Live","COACH-LIVE-V0.1.7","Telefono Android B","Backend/ngrok","","","0.00","0","0","COMPILADA","Se aumentan alturas de orientacion, brazada vivo 30 s, mapa real y ruta esquematica; orientacion se redibuja como cuadro simetrico para mejor lectura visual",
"SS-PR-20260603-COACH-034","2026-06-03","Guia visual de brazada Coach Live","COACH-LIVE-V0.1.8","Telefono Android B","Backend/ngrok","","","0.00","0","0","COMPILADA","Brazada vivo crece en altura; agrega guias min/max de LR en ventana movil 30 s y referencia corporal simple con brazos para interpretar angulo/ritmo de brazada en vivo",
"SS-PR-20260603-COACH-035","2026-06-03","Rotacion torso-hombros Coach Live","COACH-LIVE-V0.1.9","Telefono Android B","Backend/ngrok","","","0.00","0","0","COMPILADA","Se reemplaza referencia visual de brazos por medidor dorsal de linea espalda-hombros: eje 0, guias min/max de 30 s, marcas ideal 80 grados y maximo 90 grados para evaluar rotacion corporal",
"SS-PR-20260603-COACH-036","2026-06-03","Historial visual de rotacion dorsal Coach Live","COACH-LIVE-V0.1.10","Telefono Android B","Backend/ngrok","","","0.00","0","0","COMPILADA","Se corrige sentido izquierdo/derecho del medidor espalda-hombros; se alarga y suaviza la linea de rotacion, agrega historial tenue de movimientos y promedio de 30 s para usarlo como referencia de evolucion tecnica del atleta",
"SS-PR-20260603-COACH-037","2026-06-03","Ajuste tecnico rango rolido Coach Live","COACH-LIVE-V0.1.11","Telefono Android B","Backend/ngrok","","","0.00","0","0","COMPILADA","Se corrige referencia de rotacion dorsal: zona objetivo 32-45 grados por lado y sobre-rotacion desde 50 grados; se conserva escala visual hasta 90 grados solo como limite del medidor",
"SS-PR-20260603-COACH-038","2026-06-03","Coach Live prioriza rotacion dorsal","COACH-LIVE-V0.1.12","Telefono Android B","Backend/ngrok","","","0.00","0","0","COMPILADA","Se elimina el bloque de orientacion instantanea de la pantalla Coach; el espacio se reasigna al grafico principal de rotacion dorsal con ventana movil 30 s y medidor de angulo ampliado",
"SS-PR-20260603-FIELD-039","2026-06-03","Rotacion dorsal en Field Viewer","FIELD-VIEWER-V0.3.33","Telefono Android A","BLE + gateway","","","0.00","0","0","COMPILADA","Se aplica al telefono A el grafico tecnico de rotacion dorsal: ventana movil 30 s, lectura en grados, guias objetivo 32-45 grados por lado, alerta visual sobre 50 grados y medidor dorsal con historial/promedio",
"SS-PR-20260603-FIELD-040","2026-06-03","Limpieza visual Field Viewer","FIELD-VIEWER-V0.3.34","Telefono Android A","BLE + gateway","","","0.00","0","0","COMPILADA","Se elimina de la pantalla el bloque 5 antiguo de orientacion instantanea y la referencia visual separada; la app queda enfocada en el grafico unico de rotacion dorsal en vivo con grados y objetivo tecnico",
"SS-PR-20260603-PROD-041","2026-06-03","Formalizacion premisas seguridad acuatica","BASE-CONCEPTUAL-V001","Documentacion producto","Premisas/CSV","","","0.00","0","0","DOCUMENTADO","Se formaliza premisa madre de rescate/atencion primaria, alcance acuatico, app Coach como monitor, geocerca de entrenamiento, control de cierre, eventos de salida de agua fuera de punto y permisos de datos compartibles",
"SS-PR-20260603-DOC-042","2026-06-03","Conversion de bases CSV a Excel","BASE-DOCUMENTAL-XLSX-V001","Documentacion producto","CSV/XLSX","","","0.00","0","0","DOCUMENTADO","Se generan versiones XLSX reales de las tablas CSV principales para lectura correcta en Excel; los CSV quedan como respaldo tecnico y los XLSX como formato humano de trabajo",
"SS-PR-20260603-DOC-043","2026-06-03","Actualizacion registro Word de pruebas","REGISTRO-PRUEBA-MICROSD-ENERGIA-V002","Documentacion producto","DOCX","","","0.00","0","0","DOCUMENTADO","Se genera SS-REGISTRO-PRUEBA-MICROSD-ENERGIA-V002 con actualizacion de apps Field/Coach, rotacion dorsal en grados, alcance acuatico, coach monitor y base conceptual de seguridad",
"SS-PR-20260604-COACH-044","2026-06-04","Evolucion Coach Live hacia monitor de entrenamiento","COACH-LIVE-V0.1.13","Telefono Android B","Backend/ngrok","","","0.00","0","0","COMPILADA","Se reorganiza Coach Live para parecerse mas a la pantalla entrenador de la app demo: resumen de entrenamiento, mapa, ruta, atleta seleccionado, lista de alumnos con dispositivo y rotacion dorsal en vivo; competencia queda fuera de alcance por ahora",
"SS-PR-20260604-FIN-045","2026-06-04","Modelo financiero inicial y punto de equilibrio","MODELO-FINANCIERO-V001","Documentacion empresa","CSV/XLSX","","","0.00","0","0","DOCUMENTADO","Se crea tabla inicial para contemplar IGV, comisiones de tienda, membresia Lite, Coach Free/Pro, costos fijos, chip/datos, soporte, backend y usuarios necesarios para cubrir estructura lean, empresa minima y equipo pequeno",
"SS-PR-20260604-ATHLETE-046","2026-06-04","Creacion app Atleta demo-real","ATHLETE-V0.1.0","Telefono Android atleta","Demo-real","","","0.00","0","0","COMPILADA","Se crea SaveSwimmerAthlete como app independiente del nadador: inicio, sesion, historial, compartir con familia/coach, cuenta, contactos de emergencia, membresia y grafico de rotacion dorsal adaptado a lectura no tecnica",
"SS-PR-20260604-FAMILY-047","2026-06-04","Creacion app Familia demo","FAMILY-V0.1.0","Telefono Android familia","Demo visual","","","0.00","0","0","COMPILADA","Se crea SaveSwimmerFamily como app gratuita para familiares: estado simple, ubicacion autorizada demo, ultima senal, agua, coach alertado, contactos de emergencia y simulacion de estados normal/observar/SOS/salida del agua sin datos tecnicos",
"SS-PR-20260604-COACH-048","2026-06-04","Correccion Coach Live real vs demo","COACH-LIVE-V0.1.14","Telefono Android B","Backend/ngrok","","","0.00","0","0","COMPILADA","Se mantiene lectura real por gateway/ngrok y se eliminan textos confusos de demo/cupos ficticios; la lista muestra solo el atleta real conectado y deja multiatleta como pendiente sin simular datos",
"SS-PR-20260604-DOC-049","2026-06-04","Terminos y condiciones iniciales","TERMINOS-CONDICIONES-V001","Documentacion legal-operativa","DOCX","","","0.00","0","0","DOCUMENTADO","Se crea borrador inicial de terminos y condiciones para Save Swimmer: alcance, limites, membresia, pagos, apps Atleta/Familia/Coach, contactos emergencia, alertas, datos, ubicacion, panel interno, privacidad, exportacion, bajas y etapa de prototipo",
"SS-PR-20260604-HW-050","2026-06-04","Boceto PCB Lite conceptual","PCB-LITE-CONCEPT-V001","Hardware/PCB","SVG/CSV/TXT","","","0.00","0","0","DOCUMENTADO","Se crea boceto conceptual de PCB Save Swimmer Lite con medida aprox 78x38 mm, carcasa objetivo 85x45x18 mm, zonas RF, ESP32-S3, IMU centrada, GSM/LTE, GNSS, memoria, carga, regulacion, bateria, sensor agua, LEDs 360, pads debug y notas de fabricacion",
"SS-PR-20260604-HW-051","2026-06-04","Boceto visual layout PCB estilo fabricacion","PCB-LITE-LAYOUT-MOCK-V001","Hardware/PCB","SVG","","","0.00","0","0","DOCUMENTADO","Se crea mock visual de PCB Lite similar a layout de fabricacion, con pistas top/bottom rojo/azul, pads, vias, taladros, serigrafia amarilla, huellas conceptuales U1 ESP32-S3, U2 GSM/LTE, U3 GNSS, U4 IMU, memoria, power, carga, LEDs, sensor agua y zona RF; no es Gerber ni diseno electrico validado",
"SS-PR-20260605-PLAN-052","2026-06-05","Calendario de oportunidades de prueba 2026","CALENDARIO-OPORTUNIDADES-PRUEBA-2026-V001","Planificacion producto","CSV/XLSX","","","0.00","0","0","DOCUMENTADO","Se incorporan fechas del calendario de Aguas Abiertas 2026 como oportunidades progresivas de observacion y validacion; se prioriza el nado nocturno del 18 de julio para LED visible 360 grados, autonomia y alertas, sin presentar el prototipo como sistema certificado",
"SS-PR-20260605-PROD-053","2026-06-05","Matriz de tipos de competencia y variantes","MATRIZ-TIPOS-COMPETENCIA-Y-VARIANTES-V001","Arquitectura producto","CSV/XLSX","","","0.00","0","0","DOCUMENTADO","Se clasifican competencias puntuables costeras, nocturnas, masivas, travesias, entrenamientos grupales, nados solitarios y triatlon para decidir que cubre la plataforma comun Lite, que corresponde a infraestructura Events y cuando se justifica una variante fisica Pro",
"SS-PR-20260605-RF-054","2026-06-05","Arquitectura RF temporal para Events","ARQUITECTURA-RF-EVENTS-V001","Arquitectura producto","CSV/XLSX","","","0.00","0","0","DOCUMENTADO","Se documenta propuesta para incluir RF normalmente apagado en Lite/Pro y activarlo temporalmente al inscribir el dispositivo propio en Events; se contemplan flota alquilada, gateways, paquetes compactos, prioridad SOS, capacidad, PCB comun, modelo comercial y regulacion",
"SS-PR-20260605-RF-055","2026-06-05","Estrategia capacidad Events dormida","ARQUITECTURA-RF-EVENTS-V001","Producto/Events","CSV/XLSX","","","0.00","0","0","DOCUMENTADO","Se incorpora estrategia de incluir RF Events dormido dentro del margen y anunciarlo cuando el ecosistema este validado; se exige calcular costo total, homologar el radio y preparar activacion/actualizacion segura para unidades ya vendidas",
"SS-PR-20260605-EVT-056","2026-06-05","Flujo digital registro y check-in Events","FLUJO-REGISTRO-Y-CHECKIN-EVENTS-V001","Producto/Events","CSV/XLSX","","","0.00","0","0","DOCUMENTADO","Se diseña flujo para reducir filas: preinscripcion, aceptacion documental, QR temporal, verificacion presencial, escaneo de dispositivo propio/alquilado, activacion RF, control de salida, cierre seguro y tratamiento postevento; cronometraje oficial permanece separado inicialmente",
"SS-PR-20260605-MKT-057","2026-06-05","Matriz competitiva Finisher Data","MATRIZ-COMPETITIVA-FINISHER-DATA-V001","Estrategia/Events","CSV/XLSX","","","0.00","0","0","DOCUMENTADO","Se identifica Finisher Data como rival estrategico por acceso a organizadores, cronometraje, chips, inscripciones y resultados; Save Swimmer se diferencia por seguridad acuática continua entre salida y llegada y mantiene abierta una estrategia de interoperabilidad o alianza",
"SS-PR-20260605-STR-058","2026-06-05","Registro de escenarios estrategicos","REGISTRO-ESCENARIOS-ESTRATEGICOS-V001","Estrategia empresa","CSV/XLSX","","","0.00","0","0","DOCUMENTADO","Se consolidan posibles escenarios futuros de Events, RF dormido, flota alquilada, alianzas, competencia, integracion, cronometraje, datos y autoridades; cada escenario queda sujeto a señales de activacion y criterios de preparación, sin considerarse una decisión cerrada",
"SS-PR-20260605-MKT-059","2026-06-05","Abanico mercado nacional y global","ABANICO-MERCADO-NACIONAL-GLOBAL-V001","Estrategia mercado","CSV/XLSX","","","0.00","0","0","DOCUMENTADO","Se investigan y clasifican oportunidades nacionales y globales para nadadores, coaches, familias, academias, eventos, triatlon, aquathlon, swimrun, travesias, turismo, playas supervisadas, investigacion, OEM, seguros e institucional; cada oportunidad queda vinculada a version y condicion de entrada",
"SS-PR-20260605-PROD-060","2026-06-05","Portafolio de versiones Save Swimmer","PORTAFOLIO-VERSIONES-Y-PLATAFORMA-V001","Arquitectura producto","CSV/XLSX","","","0.00","0","0","DOCUMENTADO","Se define portafolio preliminar Lite, Pro, Events Node, Events Multisport, Gateway Kit, Events Command, Coach, Family, Research Logger e Institutional, separando hardware, comunicacion, alerta primaria, funciones y modelo comercial",
"SS-PR-20260605-EVT-061","2026-06-05","Estrategia Events Multisport","ESTRATEGIA-EVENTS-MULTISPORT-V001","Producto/Events","CSV/XLSX","","","0.00","0","0","DOCUMENTADO","Se establece que Events puede cubrir segmentos acuaticos de triatlon, aquathlon, swimrun y otras pruebas; elimina SOS gubernamental automatico y dirige alertas al centro de seguridad del evento, manteniendo cronometraje separado y exigiendo aprobacion reglamentaria",
"SS-PR-20260605-STR-062","2026-06-05","Roadmap mercado y expansion","ROADMAP-MERCADO-Y-EXPANSION-V001","Estrategia empresa","CSV/XLSX","","","0.00","0","0","DOCUMENTADO","Se ordena expansion en siete fases desde prototipo y pilotos controlados hasta Lite local, Events reducido, Events Multisport, Pro Global y plataforma/licencias; cada fase define validaciones y actividades que no deben adelantarse",
"SS-PR-20260605-MKT-063","2026-06-05","Fuentes investigacion mercado y regulacion","FUENTES-INVESTIGACION-MERCADO-V001","Estrategia mercado","CSV/XLSX","","","0.00","0","0","DOCUMENTADO","Se registran fuentes oficiales y de mercado utilizadas para sustentar oportunidades en aguas abiertas, Events Multisport, triatlon, wearables, cronometraje, mercado peruano y requisitos regulatorios nacionales/globales",
"SS-PR-20260605-FIELD-064","2026-06-05","Guia visita evento aguas abiertas","GUIA-VISITA-EVENTO-AGUAS-ABIERTAS-V001","Investigacion de campo","CSV/XLSX","","","0.00","0","0","DOCUMENTADO","Se prepara guia operativa para visita de observacion del 6 de junio de 2026: equipo, presentacion, permisos, preguntas a atletas/coaches/organizadores, evidencias, demostracion segura, protección de información y cierre de aprendizaje",
"SS-PR-20260605-MKT-065","2026-06-05","Encuesta breve evento aguas abiertas","ENCUESTA-BREVE-EVENTO-AGUAS-ABIERTAS-V001","Investigacion mercado","DOCX","","","0.00","0","0","DOCUMENTADO","Se crea encuesta impresa de una hoja y menos de dos minutos para atletas, coaches, organizadores y familiares; consulta preocupaciones, informacion util, adopcion del dispositivo, barreras y contacto opcional autorizado",
"SS-PR-20260605-MKT-066","2026-06-05","Correccion codificacion encuesta breve","ENCUESTA-BREVE-EVENTO-AGUAS-ABIERTAS-V002","Investigacion mercado","DOCX","","","0.00","0","0","DOCUMENTADO","Se reemplazan casillas Unicode corruptas por casillas ASCII estables para asegurar visualizacion e impresion correcta en Word y diferentes computadoras",
"SS-PR-20260605-MKT-067","2026-06-05","Correccion contexto encuesta breve","ENCUESTA-BREVE-EVENTO-AGUAS-ABIERTAS-V003","Investigacion mercado","DOCX","","","0.00","0","0","DOCUMENTADO","Se agrega una descripcion breve y no comercial de Save Swimmer y se reemplaza la pregunta que asumía conocimiento previo por una consulta neutral sobre problemas de seguridad en aguas abiertas",
"SS-PR-20260605-LEGAL-068","2026-06-05","Actualizacion confidencialidad y autorizacion piloto","FRM-CONFIDENCIALIDAD-AUTORIZACION-PRUEBA-V002","Documentacion legal-operativa","DOCX","","","0.00","0","0","DOCUMENTADO","Se actualiza responsable a Victor Loza, fecha, version, estado de prueba piloto y alcance tecnico actual: telemetria, registro local, BLE y gateway GPS/datos opcional; se conserva V001 como antecedente",
"SS-PR-20260605-INST-069","2026-06-05","Roadmap acercamiento PNP","ROADMAP-ACERCAMIENTO-PNP-V001","Estrategia institucional","CSV/XLSX","","","0.00","0","0","DOCUMENTADO","Se define acercamiento progresivo a la Unidad de Salvataje: escucha operativa ahora, presentación técnica tras prototipo acuático seguro, piloto controlado, posible integración de alertas solo mediante acuerdo formal y eventual adopción institucional después de certificaciones",
"SS-PR-20260606-MKT-070","2026-06-06","Primeras encuestas breves presenciales","ENCUESTA-BREVE-EVENTO-AGUAS-ABIERTAS-V003","Investigacion mercado","3 respuestas","","","0.00","0","0","DOCUMENTADO","Se registran dos nadadores y un entrenador; ubicacion, salida de zona segura y comodidad aparecen repetidamente; tambien se solicitan alerta de emergencia, seguimiento, confirmacion de salida del agua y analisis para coach",
"SS-PR-20260606-MKT-071","2026-06-06","Resumen primeras encuestas breves","RESUMEN-ENCUESTAS-BREVES-V001","Investigacion mercado","CSV/XLSX","","","0.00","0","0","DOCUMENTADO","Se cuantifican las primeras tres respuestas: salida de zona segura e incomodidad aparecen en 3/3; ubicacion aproximada en 2/3; la muestra es exploratoria y no permite aun generalizar resultados",
"SS-PR-20260606-MKT-072","2026-06-06","Normalizacion encuesta digital","ENCUESTA-DIGITAL-RESPUESTAS-NORMALIZADAS-V001","Investigacion mercado","2 respuestas","","","0.00","0","0","DOCUMENTADO","Se normalizan dos respuestas digitales: ambas priorizan ubicación en tiempo real, aceptan pruebas y membresía; aparecen SOS manual, pérdida prolongada de señal, inmovilidad, Coach y expectativa mensual S/20-S/30",
"SS-PR-20260606-MKT-073","2026-06-06","Resumen consolidado encuestas","RESUMEN-ENCUESTAS-CONSOLIDADO-V001","Investigacion mercado","5 respuestas","","","0.00","0","0","DOCUMENTADO","Se consolidan señales comparables de cinco respuestas presenciales/digitales; ubicación/seguimiento aparece en 4/5, mientras geocerca e incomodidad aparecen en 3/3 formularios breves",
"SS-PR-20260606-MKT-074","2026-06-06","Validacion mensaje alerta temprana","POSICIONAMIENTO-ALERTA-TEMPRANA","Investigacion mercado","Observacion presencial","","","0.00","0","0","DOCUMENTADO","Durante conversaciones presenciales aumentaron la atencion y el interes al explicar que Save Swimmer se diferencia de relojes y trackers porque busca generar alerta temprana contextual ante una posible situacion de riesgo; se mantiene como objetivo en validacion",
"SS-PR-20260606-MKT-075","2026-06-06","Referencia competidor con SOS manual","REFERENCIA-RELOJ-EXTRANJERO","Investigacion mercado","Observacion presencial","","","0.00","0","0","DOCUMENTADO","Se observa un reloj disponible en Estados Unidos pero no operativo localmente cuya alerta es solo manual; valida interés por alerta automatica contextual y cobertura peruana, sujeto a control estricto de falsos positivos",
"SS-PR-20260606-SAF-076","2026-06-06","Criterios validacion alerta temprana","CRITERIOS-VALIDACION-ALERTA-TEMPRANA-V001","Seguridad producto","CSV/XLSX","","","0.00","0","0","DOCUMENTADO","Se definen criterios mínimos para desarrollar alerta automatica contextual: persistencia, agua, movimiento/avance, escalamiento progresivo, cancelacion, falsos positivos/negativos, cobertura local y auditoria",
"SS-PR-20260606-SAF-077","2026-06-06","Caso referencia Triatlon Mazatlan 2026","CASOS-REFERENCIA-SEGURIDAD-ACUATICA-V001","Seguridad producto","CSV/XLSX","","","0.00","0","0","DOCUMENTADO","Se registra como aprendizaje interno el fallecimiento de Julian Alejandro Fontes durante el segmento acuatico del Triatlon Mazatlan 2026; investigación legal en curso, sin atribuir culpabilidad ni afirmar que Save Swimmer hubiera evitado el desenlace",
"SS-PR-20260606-EVT-078","2026-06-06","Requisitos Events derivados de casos","REQUISITOS-SEGURIDAD-EVENTS-DERIVADOS-CASOS-V001","Producto/Events","CSV/XLSX","","","0.00","0","0","DOCUMENTADO","Se formalizan requisitos Events de contabilizacion de ingreso/salida, pendientes, fuera de tiempo, ultima ubicación/señal, responsable de alertas, auditoría, redundancia y simulacros",
"SS-PR-20260606-SAF-079","2026-06-06","Fortalecimiento proposito trazabilidad","ESTADO-OPERATIVO-CONOCIDO","Seguridad producto","CSV/XLSX","","","0.00","0","0","DOCUMENTADO","El caso Mazatlan se reencuadra como referencia para reducir periodos de estado desconocido: saber si el atleta sigue en agua, salio, se retiro o requiere verificacion; no se afirma salvamento ni prevención del desenlace",
"SS-PR-20260606-EVT-080","2026-06-06","Estado desconocido como incidente operativo","REQUISITOS-SEGURIDAD-EVENTS-DERIVADOS-CASOS-V001","Producto/Events","CSV/XLSX","","","0.00","0","0","DOCUMENTADO","Se formaliza que una persona sin salida o retiro confirmado no puede suponerse segura; ESTADO_DESCONOCIDO activa verificacion inmediata basada en ultima evidencia y fortalece el proposito de Save Swimmer sin prometer rescate ni atribuir causalidad",
"SS-PR-20260606-MKT-081","2026-06-06","Observaciones espontaneas del publico en competencia","FEEDBACK-COMUNIDAD-AGUAS-ABIERTAS","Investigacion de campo","Observacion directa","","","0.00","0","0","DOCUMENTADO","Se registran tres incertidumbres expresadas espontaneamente por asistentes: posible gesto de ayuda, atleta detenido y salida hacia zona peligrosa; refuerzan identificacion, contexto, geocerca direccional y verificacion humana",
"SS-PR-20260606-ADM-082","2026-06-06","Cotizacion constitucion y asesoria contable","FORMALIZACION-SAC-RMT","Empresa/Administracion","Cotizacion recibida","","","900.00","0","0","DOCUMENTADO","Constitucion SAC de dos socios estimada en S/900 y 20 a 30 dias calendario; recomendacion inicial Regimen MYPE Tributario; servicio contable desde S/150 mensuales. Pendiente confirmar alcance, costos adicionales y diferenciar RMT de REMYPE",
"SS-PR-20260608-HW-083","2026-06-08","Requisitos de flotabilidad y autoenderezamiento","REQUISITOS-CARCASA-Y-FLOTABILIDAD-V001","Hardware/Seguridad","CSV/XLSX","","","0.00","0","0","DOCUMENTADO","Se formaliza que Lite/Pro/Events deben flotar con margen y autorenderezarse con antena y LED sobre el agua; se distingue expresamente ubicacion del dispositivo de ubicacion confirmada del atleta",
"SS-PR-20260608-TST-084","2026-06-08","Protocolo señal inmersion y desprendimiento","PROTOCOLO-PRUEBA-SENAL-INMERSION-DESPRENDIMIENTO-V001","Pruebas/Comunicacion","CSV/XLSX","","","0.00","0","0","DOCUMENTADO","Se diseña matriz para comparar nado frontal, espalda, flotacion vertical, dispositivo libre, inmersion controlada, cobertura debil y recuperacion; señal sola no confirma desprendimiento ni hundimiento",
"SS-PR-20260608-ARC-085","2026-06-08","Mapa colaborativo de confianza de comunicacion","REQUISITOS-MAPA-CONFIANZA-COMUNICACION-V001","Arquitectura/Backend","CSV/XLSX","","","0.00","0","0","DOCUMENTADO","Se define una capa de mapa basada en transmisiones observadas, con confianza, antiguedad, muestras, anonimización y limites legales; no se denomina cobertura garantizada ni sustituye protocolos",
"SS-PR-20260608-RSC-086","2026-06-08","Investigacion cobertura movil sobre mar Peru","INVESTIGACION-COBERTURA-MOVIL-MAR-PERU-V001","Investigacion/Comunicacion","CSV/XLSX","","","0.00","0","0","DOCUMENTADO","No se identifica mapa publico validado para mar adentro; OSIPTEL permite priorizar candidatas terrestres, pero se exige campaña comparativa sobre agua antes de elegir operadora",
"SS-PR-20260615-V046-088","2026-06-15","Optimizacion descarga BLE y continuidad SD","SS-LITE-BLE-SD-V1-046","Bateria + MT3608 + INA219","MicroSD VCC 5V","SS/SM por sesion","autonoma v45","2026-06-15 13:56:21","3380.88","26615","2793548","IMPLEMENTADO","V045: descarga BLE de CSV crudo 2.79MB tardo 35 min; captura efectiva 78.72% por pausas SD. V046 elimina readback por lote, conserva CSV crudo, crea resumen SM cada 5s y app FIELD V0.3.35 descarga resumen rapido."
"SS-PR-20260615-GPS-089","2026-06-15","Integracion GPS firmware principal","SS-LITE-BLE-SD-V1-047","Bateria + MT3608 + INA219 + GPS","MicroSD VCC 5V","SS/SM por sesion","GPS_V047_TEST","","0.00","0","0","IMPLEMENTADO","GPS NEO-M9N confirmado por SS-GPS-TEST-V002 a 38400 baudios con fix quality 1, 12 satelites, HDOP 0.92, lat -12.120702 lon -77.014175. V047 agrega GPS al JSON, CSV crudo y resumen rapido."
"SS-PR-20260615-V048-090","2026-06-15","Correccion inicio sesion microSD","SS-LITE-BLE-SD-V1-048","Bateria + MT3608 + INA219 + GPS","MicroSD VCC 5V","SS/SM por sesion","V047 fallo inicio","","0.00","0","0","IMPLEMENTADO","Se corrige fallo SD_SESSION_REMOUNT_FAILED al iniciar sesion: V047 forzaba desmontar/remontar SD antes de abrir archivo. V048 usa primero el montaje SD ya validado al arranque y solo remonta como recuperacion con 3 intentos."
"SS-PR-20260615-V049-091","2026-06-15","Correccion cierre sesion microSD","SS-LITE-BLE-SD-V1-049","Bateria + MT3608 + INA219 + GPS","MicroSD VCC 5V","SS/SM por sesion","V048 cierre pendiente","","0.00","0","0","IMPLEMENTADO","Se corrige bloqueo al tocar detener/cerrar: V049 avisa SESSION:CLOSING, reintenta flush final CSV y resumen hasta 3 veces, y elimina validacion completa del CSV durante el cierre para evitar espera larga por BLE/app."
"SS-PR-20260615-V049-092","2026-06-15","Validacion cierre V049 con SS y SM","SS-LITE-BLE-SD-V1-049","Bateria + MT3608 + INA219 + GPS","MicroSD VCC 5V","SS000001.CSV + SM000001.CSV","v49","2026-06-15 18:49:32","32.60","250","37712","OK","V049 genera CSV crudo con #END_SESSION y resumen rapido con #END_SUMMARY. SS000001: 250 filas, 37.7KB, frecuencia efectiva 7.92Hz, GPS fix con 12 satelites. SM000001: 6 muestras cada ~5s, 1.27KB. Consumo observado 154.8-182.2mA, carga 4.904-4.952V."
"SS-PR-20260615-V050-093","2026-06-15","GPS por BLE para mapa en vivo","SS-LITE-BLE-SD-V1-050 + FIELD V0.3.36","Bateria + MT3608 + INA219 + GPS","MicroSD VCC 5V","Gateway BLE/datos moviles","V050_MAPA_BLE","","0.00","0","0","IMPLEMENTADO","V050 alterna paquetes BLE A: movimiento y G: GPS. Field Viewer V0.3.36 interpreta G:FIX,LAT,LON,SPEED_KMH,SATS,HDOP,AGE_MS y usa GPS del ESP como fuente principal para backend/mapa; GPS del telefono queda como respaldo."
"SS-PR-20260626-FIELD-094","2026-06-26","Lectura GPS visible en app Field Viewer","SS-LITE-BLE-SD-V1-050 + FIELD V0.3.37","Bateria + MT3608 + INA219 + GPS","MicroSD VCC 5V","FIELD_V0.3.37","GPS_PANEL","","0.00","0","0","IMPLEMENTADO","Field Viewer agrega bloque GPS del dispositivo: FIX/SIN FIX, lat/lon, velocidad, satelites, HDOP, edad del fix y fuente ESP/telefono. Mantiene GPS telefono como respaldo identificado."
"SS-PR-20260626-GPS-095","2026-06-26","Validacion GPS ESP en CSV","SS-LITE-BLE-SD-V1-050","Bateria + MT3608 + INA219 + GPS","MicroSD VCC 5V","SS000009 (1).CSV","prueba GPS 2","2026-06-26 15:04:34","123.69","1022","","OK","Sesion cierra con #END_SESSION. GPS obtiene fix a 101.44 s, 12 satelites, HDOP 0.92-0.97, coordenada final -12.120715,-77.014191. Energia promedio aproximada 4.974 V, 169 mA."
"SS-PR-20260627-GPS-096","2026-06-27","Sesion larga GPS/INA/SD","SS-LITE-BLE-SD-V1-050","Bateria + MT3608 + INA219 + GPS","MicroSD VCC 5V","SS000012.CSV","prueba gos","2026-06-27 10:22:25","770.61","6055","","OK_CON_FIX_TARDIO","Sesion 12m50s con #END_SESSION. Primer GPS FIX a 496.79 s; 1483 filas con FIX, 10 satelites max, HDOP mejor 1.34, desplazamiento directo aprox 202.5 m. Energia promedio 4.962 V, 165.1 mA, 820.6 mW."
"SS-PR-20260627-NGROK-097","2026-06-27","Prueba extrema consumo ngrok/requests","FIELD/COACH pre-optimizacion","Telefono A/B + backend + ngrok","N/A","captura_ngrok_requests","gateway_extremo","2026-06-27 10:24","0.00","20 requests/13s","","LIMITE_IDENTIFICADO","Ngrok/GORK queda sin cuota hasta 2026-07-01. Captura muestra aprox 1.5 requests/s por POST /api/telemetry + GET /api/devices + GET telemetry. Con 20k requests equivale aprox 3.7 h continuas; se usa como techo de prueba extrema."
"SS-PR-20260627-GATEWAY-098","2026-06-27","Optimizacion modo campo gateway","FIELD V0.3.38 OPT + COACH V0.1.15 OPT + backend /api/coach-live","Telefono A/B + backend + ngrok","N/A","APK_OPT","gateway_optimizado","","0.00","","","COMPILADO","Field Viewer reduce POST a cada 5 s. Coach Live reduce polling a 5 s y usa endpoint unico /api/coach-live. Backend PowerShell y Node agregan respuesta agrupada para bajar requests y consumo de datos."
"SS-PR-20260627-ARCH-099","2026-06-27","Arquitectura futura datos automaticos","ARQUITECTURA-DATOS-V001","N/A","N/A","SS-ARQUITECTURA-DATOS-TRANSMISION-INTERPRETACION-V001","producto_futuro","","0.00","","","DOCUMENTADO","Se define que CSV queda para pruebas/auditoria y que producto final debe usar paquetes estructurados compactos, backend interpretador, eventos y resumen contextual para apps Atleta/Coach/Familia."
"SS-PR-20260708-INTERP-100","2026-07-08","Ajuste interpretacion IMU unico y reportes atleta","REPORTE-ATLETA-V001","CSV SS000030-SS000033","N/A","generar_reporte_atleta_csv_v001.ps1","picos_utiles_lr","","0.00","","","DOCUMENTADO","Se corrige reporte para calcular rotacion dorsal desde LR centrado contra base y picos utiles por lado. Se documenta que MAG no es empuje directo sino energia contextual; empuje/continuidad debe cruzarse con GPS, rotacion, alineacion y ritmo. Se formaliza alcance de IMU unico y respiracion con posible freno."
"SS-PR-20260708-REAL-101","2026-07-08","Primeros datos reales simulacro nado tierra","SS-LITE-BLE-SD-V1-052","ESP32 + IMU + microSD + INA + GPS","MicroSD","SS000035/036/037/038","CLAUDIA P00/BASE/RD/RI","2026-07-08 19:55","117.08","797","","DOCUMENTADO","Primer lote real simulado en tierra. Nota: RD significa rolido derecho y no respiracion. P00 queda estable y sirve mejor como cero; BASE contiene movimiento bilateral. RD muestra LR positivo dominante y RI muestra LR negativo dominante. Se confirma utilidad de LR para diferenciar rolido derecho/izquierdo en montaje actual."
"SS-PR-20260708-VERTICAL-102","2026-07-08","Comparacion posicion vertical B00 vs P00","SS-LITE-BLE-SD-V1-052","ESP32 + IMU + microSD + INA + GPS","MicroSD","SS000034/SS000035","CLAUDIA B00/CLAUDIA P00","2026-07-08 19:53","34.01","254","","DOCUMENTADO","SS000034 concentra gravedad en UD promedio 9.45 y roll 0.19; SS000035 concentra gravedad en FB promedio 9.49, UD 0.73 y roll 85.63. No son la misma posicion vertical: B00 valida UD vertical y P00 valida posicion girada casi 90 grados. La app debe diferenciar base fisica de IMU antes de interpretar alineacion."
"SS-PR-20260709-IMU90-103","2026-07-09","Recalibracion experimental IMU girado 90 grados","SS-LITE-BLE-SD-V1-052","ESP32 + MPU6050 reubicado/girado + microSD + INA + GPS","MicroSD","SS000002/SS000003/SS000004/SS000005","imu a 90 elevacion der/izq/cabeza arriba/cabeza abajo","2026-07-09 09:34","93.19","929","","DOCUMENTADO","Con IMU girado 90 grados, rolido DER/IZQ se expresa principalmente en FB: derecha FB positivo, izquierda FB negativo. Cabeza/alineacion se expresa principalmente en LR: cabeza arriba LR negativo, cabeza abajo LR positivo. Se documenta como hipotesis experimental; no marcado como aprendido hasta repetir en agua."
"SS-PR-20260709-FWAPP-104","2026-07-09","Actualizacion firmware y apps por IMU girado 90 grados","SS-LITE-BLE-SD-V1-053 + ATHLETE V0.3.1 + FIELD V0.3.46","ESP32 + MPU6050 IMU90 + microSD + INA + GPS","MicroSD/BLE","FW_V053_APK_V013_V046","mapeo_imu90","2026-07-09 10:02","0.00","N/A","","COMPILADO","Firmware V053 agrega ROT=FB y ALIGN=-LR en Serial JSON y CSV, manteniendo LR/FB/UD/MAG crudos. Athlete V0.3.1 calcula lectura en vivo/CSV con ROT=FB y ALIGN=-LR. Field Viewer V0.3.46 ajusta graficos de laboratorio a FB/UD para rotacion y -LR/UD para alineacion. APKs compiladas correctamente."
"SS-PR-20260709-ATHLETE-GRAF-105","2026-07-09","Alineacion grafica Athlete con laboratorio","ATHLETE LIVE + CSV V0.3.2 / APK V014","Android Athlete + BLE/CSV","BLE/CSV","SaveSwimmer_Athlete_LiveCsv_V014.apk","graficos_lab_en_athlete","2026-07-09 10:42","0.00","N/A","","COMPILADO","Athlete corrige rotacion/alineacion para calcular grados igual que laboratorio: rotacion=atan2(FB,UD) contra base y alineacion=atan2(-LR,UD) contra base. Se amplian los graficos de tendencia a tres bandas tipo laboratorio: rotacion, alineacion e impulso MAG. Se conserva grafico de referencia visual como apoyo."
"SS-PR-20260711-DOC-106","2026-07-11","Actualizacion tecnica consolidada prototipo Lite","DOCUMENTO-TECNICO-PROTOTIPO-LITE-V002","Documentacion tecnica","MD","SS-DOCUMENTO-TECNICO-PROTOTIPO-LITE-V002-20260711.md","criterio_vigente_apps_firmware_costos","","0.00","N/A","","DOCUMENTADO","Se consolida el documento tecnico vivo con criterio vigente: aguas abiertas como uso principal, piscina solo calibracion interna, Family/contacto obligatorio, Coach opcional por permiso, firmware V054, apps nuevas Athlete V016 Family V003 Coach V018, lectura IMU ROT=FB ALIGN=-LR, datos compactos futuros, costos internos y pendientes criticos."
